City_ID,City,Country,Date,Lat,Lng,Max Temp,Humidity,Cloudiness,Wind Speed
0,Atuona,PF,2021-06-03 03:05:03,-9.8,-139.0333,79.86,73,83,16.58
1,Hobart,AU,2021-06-03 03:02:41,-42.8794,147.3294,60.66,65,75,1.99
2,Mildura,AU,2021-06-03 03:05:04,-34.2,142.15,53.56,100,90,5.75
3,Ushuaia,AR,2021-06-03 03:00:57,-54.8,-68.3,21.49,96,28,5.1
4,Klaksvik,FO,2021-06-03 03:05:05,62.2266,-6.589,49.12,96,100,11.88
5,Westport,US,2021-06-03 03:04:37,41.1415,-73.3579,64.17,85,1,1.01
6,Benjamin Constant,BR,2021-06-03 03:05:06,-4.3831,-70.0311,73.85,96,94,2.13
7,Laje,BR,2021-06-03 03:05:07,-10.1833,-40.9667,70.92,82,100,11.1
8,Punta Arenas,CL,2021-06-03 03:01:48,-53.15,-70.9167,31.32,75,67,7.0
9,Rikitea,PF,2021-06-03 03:05:08,-23.1203,-134.9692,73.08,60,84,15.64
10,Bethel,US,2021-06-03 03:05:09,41.3712,-73.414,62.85,79,1,0.0
11,Belmonte,BR,2021-06-03 03:05:09,-15.8631,-38.8828,72.1,83,29,6.13
12,Kieta,PG,2021-06-03 03:05:10,-6.2167,155.6333,78.51,92,89,6.08
13,Abbeville,FR,2021-06-03 03:02:40,50.1,1.8333,64.49,96,63,4.12
14,Mataura,NZ,2021-06-03 03:05:11,-46.1927,168.8643,49.48,78,60,2.08
15,Nikolskoye,RU,2021-06-03 03:05:11,59.7035,30.7861,49.89,68,37,3.94
16,Beloha,MG,2021-06-03 03:05:12,-25.1667,45.05,64.63,90,39,7.9
17,Paamiut,GL,2021-06-03 03:05:13,61.994,-49.6678,36.48,98,100,14.63
18,Belawan,ID,2021-06-03 03:05:14,3.7755,98.6832,80.89,77,79,1.43
19,New Norfolk,AU,2021-06-03 03:05:15,-42.7826,147.0587,60.3,50,100,3.51
20,Castro,BR,2021-06-03 03:00:58,-24.7911,-50.0119,55.89,94,2,3.04
21,Carnarvon,AU,2021-06-03 03:05:16,-24.8667,113.6333,67.59,46,100,17.09
22,Hilo,US,2021-06-03 03:05:17,19.7297,-155.09,85.28,78,93,3.0
23,Bengkulu,ID,2021-06-03 03:05:18,-3.8004,102.2655,85.64,62,69,2.42
24,Cape Town,ZA,2021-06-03 03:02:58,-33.9258,18.4232,58.87,65,0,4.0
25,Villamontes,BO,2021-06-03 03:05:18,-21.25,-63.5,62.98,77,50,5.57
26,Saldanha,ZA,2021-06-03 03:05:19,-33.0117,17.9442,56.55,82,0,12.33
27,Albany,US,2021-06-03 03:04:26,42.6001,-73.9662,63.03,93,100,3.69
28,Nemuro,JP,2021-06-03 03:05:20,43.3236,145.575,51.22,96,95,9.98
29,Bredasdorp,ZA,2021-06-03 03:05:21,-34.5322,20.0403,53.28,86,12,4.74
30,Padang,ID,2021-06-03 03:05:01,-0.9492,100.3543,83.48,73,83,1.61
31,Wexford,IE,2021-06-03 03:05:22,52.3342,-6.4575,57.13,94,88,11.05
32,Abalak,RU,2021-06-03 03:05:23,58.1286,68.5944,55.63,38,16,3.6
33,Port Elizabeth,ZA,2021-06-03 03:05:24,-33.918,25.5701,60.66,60,88,10.27
34,Qaanaaq,GL,2021-06-03 03:05:24,77.484,-69.3632,24.26,88,100,4.59
35,Vila Franca Do Campo,PT,2021-06-03 03:05:25,37.7167,-25.4333,57.61,73,81,3.87
36,Geraldton,AU,2021-06-03 03:05:26,-28.7667,114.6,63.01,63,0,11.59
37,Wajir,KE,2021-06-03 03:05:26,1.7471,40.0573,72.75,81,94,11.95
38,Port Alfred,ZA,2021-06-03 03:05:27,-33.5906,26.891,61.59,60,100,17.92
39,Ponta Do Sol,PT,2021-06-03 03:05:27,32.6667,-17.1,65.71,71,100,7.96
40,Fonte Boa,BR,2021-06-03 03:05:28,-2.4959,-66.2662,74.07,90,71,1.43
41,Gurupi,BR,2021-06-03 03:01:39,-11.7292,-49.0686,73.58,46,4,2.28
42,Coari,BR,2021-06-03 03:05:29,-4.085,-63.1414,78.53,80,94,2.64
43,Annapolis,US,2021-06-03 03:01:23,38.9785,-76.4922,71.38,84,75,6.91
44,Sao Sebastiao,BR,2021-06-03 03:05:30,-23.76,-45.4097,70.21,68,2,4.18
45,Larsnes,NO,2021-06-03 03:05:30,62.2028,5.5773,58.01,68,93,5.1
46,Fortuna,US,2021-06-03 03:05:31,40.5982,-124.1573,57.9,89,90,1.01
47,Ende,ID,2021-06-03 03:05:32,-8.8432,121.6623,86.0,62,28,3.47
48,Arraial Do Cabo,BR,2021-06-03 03:05:33,-22.9661,-42.0278,71.58,89,0,12.64
49,Vestmanna,FO,2021-06-03 03:05:34,62.1564,-7.1664,47.32,100,90,5.84
50,Barrow,US,2021-06-03 03:05:35,71.2906,-156.7887,30.22,80,90,21.85
51,Santa Rosa,PH,2021-06-03 03:05:35,14.3122,121.1114,91.09,67,100,8.66
52,Busselton,AU,2021-06-03 03:05:36,-33.65,115.3333,66.04,65,92,2.8
53,Ulladulla,AU,2021-06-03 03:05:37,-35.35,150.4667,55.76,89,100,4.41
54,Scarborough,GB,2021-06-03 03:05:37,54.2797,-0.4044,53.53,91,95,1.99
55,Hebi,CN,2021-06-03 03:05:38,35.8992,114.1925,81.05,13,95,14.9
56,Karratha,AU,2021-06-03 03:05:38,-20.7377,116.8463,69.42,40,100,19.26
57,Gizo,SB,2021-06-03 03:05:39,-8.103,156.8419,81.48,77,97,2.68
58,Tasiilaq,GL,2021-06-03 03:05:40,65.6145,-37.6368,33.96,86,44,4.85
59,Ballina,AU,2021-06-03 03:05:41,-28.8667,153.5667,66.78,80,91,7.29
60,Kapaa,US,2021-06-03 03:05:41,22.0752,-159.319,82.38,71,20,4.0
61,Los Llanos De Aridane,ES,2021-06-03 03:05:42,28.6585,-17.9182,64.15,88,75,9.15
62,Lakselv,NO,2021-06-03 03:05:43,70.0513,24.9718,58.82,44,39,10.36
63,Egvekinot,RU,2021-06-03 03:05:44,66.3167,-179.1667,34.11,54,50,2.19
64,Ingham,US,2021-06-03 03:05:45,42.6,-84.3833,62.19,93,90,0.0
65,Sao Filipe,CV,2021-06-03 03:05:45,14.8961,-24.4956,73.35,79,64,11.16
66,Sitka,US,2021-06-03 03:05:24,57.0531,-135.33,51.69,82,90,11.5
67,Bambous Virieux,MU,2021-06-03 03:05:46,-20.3428,57.7575,75.22,66,57,20.04
68,East London,ZA,2021-06-03 03:05:47,-33.0153,27.9116,61.3,71,100,17.49
69,Pimenta Bueno,BR,2021-06-03 03:03:04,-11.6725,-61.1936,71.78,77,4,2.17
70,North Bend,US,2021-06-03 03:05:48,43.4065,-124.2243,64.98,86,1,11.5
71,Kampong Thum,KH,2021-06-03 03:05:48,12.7111,104.8887,92.52,55,50,3.24
72,Pangai,TO,2021-06-03 03:05:49,-19.8,-174.35,73.51,78,75,5.75
73,Caramay,PH,2021-06-03 03:05:50,10.1815,119.236,87.62,66,84,8.21
74,Half Moon Bay,US,2021-06-03 03:05:50,37.4636,-122.4286,71.33,82,90,8.05
75,Sakakah,SA,2021-06-03 03:05:51,29.9697,40.2064,78.98,22,0,9.26
76,Tiksi,RU,2021-06-03 03:05:51,71.6872,128.8694,50.81,58,84,14.85
77,Presidente Medici,BR,2021-06-03 03:05:52,-11.1753,-61.9014,72.66,74,6,1.07
78,Rovaniemi,FI,2021-06-03 03:05:53,66.5,25.7167,60.21,55,0,5.75
79,Bilma,NE,2021-06-03 03:05:53,18.6853,12.9164,88.52,10,7,7.99
80,Bluff,NZ,2021-06-03 03:05:54,-46.6,168.3333,49.8,78,77,6.33
81,Castelnaudary,FR,2021-06-03 03:05:55,43.3183,1.9545,64.89,88,66,8.99
82,Rossosh,RU,2021-06-03 03:05:55,51.1209,38.5116,52.41,80,100,17.34
83,Avarua,CK,2021-06-03 03:05:56,-21.2078,-159.775,80.65,69,40,5.75
84,Lasa,IT,2021-06-03 03:05:56,46.6166,10.7002,49.62,90,52,1.1
85,Lewiston,US,2021-06-03 03:05:57,44.1003,-70.2148,64.81,75,1,6.91
86,Trairi,BR,2021-06-03 03:04:47,-3.2778,-39.2689,77.18,83,4,10.09
87,Acapulco,MX,2021-06-03 03:05:58,16.8634,-99.8901,83.19,78,10,7.11
88,Barguzin,RU,2021-06-03 03:05:59,53.6167,109.6167,67.98,45,35,4.79
89,Leningradskiy,RU,2021-06-03 03:05:59,69.3833,178.4167,31.19,84,27,11.03
90,Barkhera,IN,2021-06-03 03:06:00,28.45,79.8,90.21,35,2,2.93
91,Kholodnyy,RU,2021-06-03 03:06:01,62.7167,147.95,52.88,46,100,6.87
92,Ilulissat,GL,2021-06-03 03:06:01,69.2167,-51.1,42.82,56,4,1.14
93,Saint George,US,2021-06-03 03:06:02,37.1041,-113.5841,97.39,9,1,8.05
94,San Quintin,MX,2021-06-03 03:06:03,30.4833,-115.95,61.83,85,98,8.59
95,Tlapacoyan,MX,2021-06-03 03:06:03,19.9667,-97.2167,71.78,97,100,2.3
96,Khatanga,RU,2021-06-03 03:06:04,71.9667,102.5,37.98,70,74,5.37
97,Jamestown,US,2021-06-03 03:01:34,42.097,-79.2353,61.3,90,100,1.01
98,Upernavik,GL,2021-06-03 03:06:05,72.7868,-56.1549,27.39,89,67,6.82
99,Oudtshoorn,ZA,2021-06-03 03:06:06,-33.5907,22.2014,52.16,93,16,2.75
100,Turayf,SA,2021-06-03 03:02:11,31.6725,38.6637,68.43,31,0,7.56
101,Matongo,TZ,2021-06-03 03:06:07,-2.3833,34.0833,62.44,79,100,3.87
102,Balashov,RU,2021-06-03 03:06:07,51.5502,43.1667,54.19,69,100,13.94
103,Butaritari,KI,2021-06-03 03:06:08,3.0707,172.7902,82.33,78,100,12.3
104,Laguna,US,2021-06-03 03:06:09,38.421,-121.4238,93.02,38,1,4.0
105,Kodiak,US,2021-06-03 03:06:10,57.79,-152.4072,47.71,81,90,5.75
106,Bandar-E Anzali,IR,2021-06-03 03:06:10,37.4727,49.4622,75.31,82,1,12.01
107,Quatre Cocos,MU,2021-06-03 03:06:11,-20.2078,57.7625,75.09,66,52,19.82
108,Vaini,TO,2021-06-03 03:06:11,-21.2,-175.2,73.56,78,75,6.91
109,Ribeira Grande,PT,2021-06-03 03:06:12,38.5167,-28.7,59.81,66,25,3.36
110,Cidreira,BR,2021-06-03 03:06:13,-30.1811,-50.2056,59.95,85,31,3.33
111,Heiligenhafen,DE,2021-06-03 03:06:14,54.3667,10.9833,60.78,89,87,16.49
112,Saint-Philippe,RE,2021-06-03 03:06:14,-21.3585,55.7679,71.15,79,88,14.09
113,Alice Springs,AU,2021-06-03 03:04:35,-23.7,133.8833,60.35,59,75,13.6
114,Jiwani,PK,2021-06-03 03:06:15,25.05,61.7417,84.94,80,0,9.28
115,Ust-Nera,RU,2021-06-03 03:06:16,64.5667,143.2,58.57,32,33,2.21
116,Boo,SE,2021-06-03 03:06:16,59.3333,18.2833,50.59,87,3,2.59
117,Makakilo City,US,2021-06-03 03:06:17,21.3469,-158.0858,84.52,52,1,11.5
118,Montague,US,2021-06-03 03:06:18,42.5356,-72.5351,67.91,90,100,3.96
119,Norman Wells,CA,2021-06-03 03:06:18,65.282,-126.8329,47.71,81,100,2.82
120,Gatton,AU,2021-06-03 03:06:19,-27.55,152.2833,63.99,97,100,1.05
121,Yellowknife,CA,2021-06-03 03:05:49,62.456,-114.3525,62.56,67,100,5.99
122,Soyo,AO,2021-06-03 03:06:20,-6.1349,12.3689,74.77,89,29,4.03
123,Georgetown,MY,2021-06-03 03:05:39,5.4112,100.3354,88.9,76,20,5.03
124,Aden,YE,2021-06-03 03:06:21,12.7794,45.0367,86.58,73,50,11.95
125,Hofn,IS,2021-06-03 03:03:10,64.2539,-15.2082,46.8,93,100,1.36
126,Trapani,IT,2021-06-03 03:06:22,37.8333,12.6667,66.7,78,11,2.77
127,Thompson,CA,2021-06-03 03:06:22,55.7435,-97.8558,55.15,79,100,7.87
128,Faya,SA,2021-06-03 03:06:23,18.3851,42.4509,66.72,22,3,1.79
129,Lanzhou,CN,2021-06-03 03:01:46,36.0564,103.7922,66.9,16,98,3.2
130,Kongoussi,BF,2021-06-03 03:06:24,13.3258,-1.5347,90.25,41,0,10.76
131,Hermanus,ZA,2021-06-03 03:01:44,-34.4187,19.2345,55.9,84,11,11.63
132,Nanortalik,GL,2021-06-03 03:06:25,60.1432,-45.2371,38.39,93,100,14.07
133,Zhigansk,RU,2021-06-03 03:06:26,66.7697,123.3711,69.37,52,96,7.72
134,Lazaro Cardenas,MX,2021-06-03 03:06:26,17.9583,-102.2,82.09,75,81,5.79
135,Byron Bay,AU,2021-06-03 03:03:05,-28.65,153.6167,71.55,66,84,10.58
136,Choszczno,PL,2021-06-03 03:06:27,53.169,15.4205,55.26,88,5,8.1
137,Rio Grande,BR,2021-06-03 03:05:34,-32.035,-52.0986,58.14,78,96,7.4
138,Tres Coroas,BR,2021-06-03 03:06:28,-29.5169,-50.7778,63.86,90,10,2.86
139,Maceio,BR,2021-06-03 03:06:29,-9.6658,-35.7353,72.84,94,20,5.28
140,Senno,RU,2021-06-03 03:06:30,59.5336,33.9167,46.26,68,85,2.82
141,Port Hardy,CA,2021-06-03 03:06:31,50.6996,-127.4199,57.92,89,100,7.47
142,Petatlan,MX,2021-06-03 03:06:32,17.5167,-101.2667,81.61,74,68,1.9
143,Ventspils,LV,2021-06-03 03:06:32,57.3894,21.5606,55.33,82,0,0.0
144,Mitu,CO,2021-06-03 03:06:33,1.1983,-70.1733,71.29,97,26,1.57
145,Oktyabrskoye,RU,2021-06-03 03:06:34,43.0645,44.7417,53.74,93,100,10.51
146,Puerto Ayora,EC,2021-06-03 03:06:34,-0.7393,-90.3518,73.54,89,31,4.0
147,Chumikan,RU,2021-06-03 03:06:35,54.7183,135.315,44.2,80,91,8.14
148,Oriximina,BR,2021-06-03 03:06:35,-1.7656,-55.8661,74.91,91,31,3.71
149,Bereda,ES,2021-06-03 03:06:36,43.2686,-7.5406,52.0,100,98,1.05
150,Hithadhoo,MV,2021-06-03 03:06:37,-0.6,73.0833,83.86,67,51,18.79
151,Borogontsy,RU,2021-06-03 03:06:37,62.6683,131.1683,74.19,31,74,4.74
152,Horki,BY,2021-06-03 03:06:38,54.2861,30.9842,51.15,79,64,6.58
153,Severnyy-Kospashskiy,RU,2021-06-03 03:06:38,59.0925,57.8008,48.6,69,93,6.82
154,Korfovskiy,RU,2021-06-03 03:06:39,48.2183,135.0564,54.86,89,100,6.64
155,Kiri Buru,IN,2021-06-03 03:06:40,22.0833,85.35,88.99,48,14,4.36
156,Sao Luiz Gonzaga,BR,2021-06-03 03:03:53,-28.4083,-54.9608,56.3,88,80,5.17
157,Cururupu,BR,2021-06-03 03:06:41,-1.8283,-44.8683,73.87,98,18,2.62
158,Kaeo,NZ,2021-06-03 03:06:41,-35.1,173.7833,63.32,69,100,2.35
159,Bosanski Novi,BA,2021-06-03 03:06:42,45.0458,16.3803,49.62,88,20,2.01
160,Melita,CA,2021-06-03 03:06:43,49.2681,-100.9967,73.54,51,88,8.28
161,Ostrovnoy,RU,2021-06-03 03:06:43,68.0531,39.5131,56.84,61,1,16.02
162,Palmer,US,2021-06-03 03:06:44,42.1584,-72.3287,66.81,76,90,3.0
163,Salta,AR,2021-06-03 03:04:42,-24.7859,-65.4117,55.58,81,1,1.01
164,Mitzic,GA,2021-06-03 03:02:12,0.7821,11.549,66.24,99,43,2.68
165,Mar Del Plata,AR,2021-06-03 03:06:45,-38.0023,-57.5575,49.12,15,100,5.01
166,Saskylakh,RU,2021-06-03 03:06:46,71.9167,114.0833,38.59,70,100,14.23
167,Tuktoyaktuk,CA,2021-06-03 03:06:47,69.4541,-133.0374,38.59,68,14,13.8
168,Shelopugino,RU,2021-06-03 03:06:47,51.6514,117.5599,59.38,57,45,10.98
169,Pocoes,BR,2021-06-03 03:06:48,-14.5297,-40.3653,60.76,97,20,4.07
170,Lagoa,PT,2021-06-03 03:06:48,39.05,-27.9833,59.4,68,49,6.87
171,Aguimes,ES,2021-06-03 03:06:49,27.9054,-15.4461,65.03,63,75,13.8
172,Souillac,MU,2021-06-03 03:06:50,-20.5167,57.5167,75.36,68,76,19.28
173,Grand Gaube,MU,2021-06-03 03:06:50,-20.0064,57.6608,75.38,68,49,7.0
174,Natal,BR,2021-06-03 03:04:02,-5.795,-35.2094,72.25,94,0,8.88
175,Gat,IL,2021-06-03 03:06:04,31.61,34.7642,66.4,67,0,3.22
176,Yarada,IN,2021-06-03 03:06:52,17.65,83.2667,86.32,79,20,8.63
177,Kenai,US,2021-06-03 03:05:14,60.5544,-151.2583,55.02,71,72,9.98
178,Nabire,ID,2021-06-03 03:06:53,-3.3667,135.4833,81.86,84,40,2.66
179,Narsaq,GL,2021-06-03 03:06:53,60.9167,-46.05,43.02,89,100,4.81
180,Kattivakkam,IN,2021-06-03 03:06:54,13.2167,80.3167,88.07,81,39,11.79
181,Ahipara,NZ,2021-06-03 03:06:55,-35.1667,173.1667,60.69,57,100,4.94
182,Luderitz,NA,2021-06-03 03:06:55,-26.6481,15.1594,65.61,28,4,24.45
183,Ixtapa,MX,2021-06-03 03:06:56,20.7,-105.2,82.22,79,84,3.0
184,Maneadero,MX,2021-06-03 03:06:56,31.7167,-116.5667,64.09,81,100,1.99
185,Hamilton,US,2021-06-03 03:05:37,39.1834,-84.5333,66.06,97,90,5.17
186,San Cristobal,VE,2021-06-03 03:06:57,7.7669,-72.225,66.79,98,97,0.34
187,Nishihara,JP,2021-06-03 03:06:58,26.1842,127.7558,89.26,77,75,11.54
188,Bam,IR,2021-06-03 03:06:59,29.106,58.357,96.44,7,0,5.77
189,Qasigiannguit,GL,2021-06-03 03:06:59,68.8193,-51.1922,43.05,72,9,4.47
190,Pisco,PE,2021-06-03 03:07:00,-13.7,-76.2167,65.01,82,90,6.91
191,Vitoria Da Conquista,BR,2021-06-03 03:07:01,-14.8661,-40.8394,59.7,92,5,5.21
192,Mareeba,AU,2021-06-03 03:07:01,-17.0,145.4333,83.32,61,63,1.28
193,Puqi,CN,2021-06-03 03:07:02,29.7167,113.8833,66.92,92,100,12.88
194,Silikatnyy,RU,2021-06-03 03:07:03,53.9896,48.3275,54.72,78,98,13.82
195,Sistranda,NO,2021-06-03 03:07:03,63.7256,8.834,55.9,77,21,1.36
196,Quijingue,BR,2021-06-03 03:07:04,-10.7525,-39.2092,69.3,97,100,4.45
197,Chokurdakh,RU,2021-06-03 03:07:05,70.6333,147.9167,72.37,20,89,10.87
198,Challapata,BO,2021-06-03 03:07:06,-18.9,-66.7667,42.67,25,98,2.71
199,Trinidad,BO,2021-06-03 03:07:07,-14.8333,-64.9,72.91,78,15,1.61
200,Saint-Augustin,CA,2021-06-03 03:07:08,51.226,-58.6502,51.08,82,61,4.27
201,Joutseno,FI,2021-06-03 03:07:08,61.118,28.5076,53.65,75,55,4.99
202,Dikson,RU,2021-06-03 03:07:09,73.5069,80.5464,32.36,94,100,6.49
203,Faanui,PF,2021-06-03 03:07:09,-16.4833,-151.75,80.65,75,8,14.47
204,Pitelino,RU,2021-06-03 03:07:10,54.5777,41.8145,50.38,82,7,12.28
205,Lano,NG,2021-06-03 03:07:11,10.1725,11.4715,83.26,55,84,7.14
206,Goderich,CA,2021-06-03 03:07:11,43.7501,-81.7165,61.56,97,100,8.48
207,Nome,US,2021-06-03 03:07:12,64.5011,-165.4064,46.47,42,75,14.97
208,Fukue,JP,2021-06-03 03:07:12,32.6881,128.8419,69.62,97,100,28.25
209,Mersing,MY,2021-06-03 03:07:13,2.4312,103.8405,87.51,66,35,7.58
210,Cheremukhovo,RU,2021-06-03 03:07:14,60.3484,59.9851,49.89,54,82,9.1
211,Arcata,US,2021-06-03 03:05:45,40.8665,-124.0828,58.17,78,90,1.01
212,Svetlyy,RU,2021-06-03 03:07:15,54.675,20.1347,48.25,71,71,6.15
213,Hasaki,JP,2021-06-03 03:07:15,35.7333,140.8333,81.28,68,31,10.83
214,Punta Umbria,ES,2021-06-03 03:07:16,37.1821,-6.9661,63.23,62,66,10.85
215,Gazanjyk,TM,2021-06-03 03:07:17,39.2446,55.5154,96.96,12,0,5.88
216,Payo,ID,2021-06-03 03:07:17,-3.7508,103.6372,86.56,63,82,2.55
217,Shache,CN,2021-06-03 03:07:18,38.4167,77.2406,79.2,27,72,6.76
218,Sioux Lookout,CA,2021-06-03 03:07:19,50.1001,-91.917,59.04,87,83,5.88
219,Oktyabrskiy,RU,2021-06-03 03:07:20,54.4815,53.471,51.39,78,95,10.89
220,Batagay,RU,2021-06-03 03:07:20,67.6333,134.6333,73.31,27,82,3.49
221,Mount Isa,AU,2021-06-03 03:07:21,-20.7333,139.5,71.37,43,78,11.5
222,La Ronge,CA,2021-06-03 03:07:22,55.1001,-105.2842,58.62,83,93,1.7
223,Purpe,RU,2021-06-03 03:07:22,64.4803,76.6897,42.73,53,100,13.42
224,Macau,MO,2021-06-03 03:07:23,22.2006,113.5461,92.71,84,40,8.05
225,Lorengau,PG,2021-06-03 03:07:23,-2.0226,147.2712,79.05,89,100,5.86
226,Hirara,JP,2021-06-03 03:07:24,24.8,125.2833,82.31,89,44,16.26
227,Guerrero Negro,MX,2021-06-03 03:07:25,27.9769,-114.0611,62.1,85,0,14.65
228,Coihaique,CL,2021-06-03 03:07:25,-45.5752,-72.0662,39.15,100,90,2.3
229,Fare,PF,2021-06-03 03:07:26,-16.7,-151.0167,80.6,79,34,14.45
230,Nucet,RO,2021-06-03 03:07:26,44.7833,25.55,55.42,72,100,6.29
231,Jiangyou,CN,2021-06-03 03:07:27,31.7667,104.7167,69.46,70,100,4.85
232,Sola,VU,2021-06-03 03:07:28,-13.8833,167.55,81.27,78,90,13.8
233,Bandarbeyla,SO,2021-06-03 03:07:28,9.4942,50.8122,78.62,81,100,13.69
234,Spearfish,US,2021-06-03 03:07:29,44.4908,-103.8594,69.21,50,1,10.36
235,Tanout,NE,2021-06-03 03:07:29,14.9709,8.8879,84.87,14,9,8.9
236,Richards Bay,ZA,2021-06-03 03:07:30,-28.783,32.0377,62.92,89,97,23.22
237,Saint-Georges,GD,2021-06-03 03:04:36,12.0564,-61.7485,78.55,73,98,11.68
238,Mulanje,MW,2021-06-03 03:07:31,-16.0316,35.5,65.05,81,78,3.0
239,Baiyin,CN,2021-06-03 03:07:32,36.5583,104.2081,65.28,13,86,2.73
240,Provideniya,RU,2021-06-03 03:07:32,64.3833,-173.3,32.11,86,75,15.66
241,Bathsheba,BB,2021-06-03 03:07:33,13.2167,-59.5167,79.41,65,40,16.6
242,Evensk,RU,2021-06-03 03:07:33,61.95,159.2333,47.77,63,2,13.4
243,Coquimbo,CL,2021-06-03 03:07:34,-29.9533,-71.3436,53.33,100,90,2.13
244,Iqaluit,CA,2021-06-03 03:04:20,63.7506,-68.5145,29.93,92,90,10.0
245,Muros,ES,2021-06-03 03:07:35,42.7762,-9.0603,57.83,93,24,8.05
246,Sao Joao Da Barra,BR,2021-06-03 03:05:08,-21.6403,-41.0511,71.64,89,0,8.08
247,Hovd,MN,2021-06-03 03:07:36,48.0056,91.6419,75.2,21,82,9.31
248,Mogadishu,SO,2021-06-03 03:06:54,2.0371,45.3438,78.03,85,72,15.55
249,Morehead,US,2021-06-03 03:07:37,37.2711,-87.1764,69.51,97,75,0.0
250,Raudeberg,NO,2021-06-03 03:07:38,61.9875,5.1352,57.87,74,61,4.56
251,Bandarban,BD,2021-06-03 03:07:39,22.1965,92.2262,89.31,49,16,2.13
252,Shahrud,IR,2021-06-03 03:07:39,36.4182,54.9763,83.37,10,0,2.21
253,Husavik,IS,2021-06-03 03:07:40,66.0449,-17.3389,43.43,78,7,2.71
254,Olafsvik,IS,2021-06-03 03:07:41,64.8945,-23.7142,44.24,82,16,6.93
255,Capoterra,IT,2021-06-03 03:07:42,39.1763,8.9718,67.41,75,0,4.23
256,Pingzhuang,CN,2021-06-03 03:07:43,42.0372,119.2889,67.89,23,72,20.07
257,Lompoc,US,2021-06-03 03:03:21,34.6391,-120.4579,66.34,86,90,9.22
258,Oranjemund,NA,2021-06-03 03:07:44,-28.55,16.4333,60.22,42,1,11.01
259,Sibut,CF,2021-06-03 03:07:44,5.718,19.0739,67.71,91,70,1.16
260,Khorramshahr,IR,2021-06-03 03:07:45,30.4397,48.1664,87.76,23,0,11.5
261,Torbay,CA,2021-06-03 03:05:28,47.6666,-52.7314,57.49,79,0,17.16
262,Lebu,CL,2021-06-03 03:07:47,-37.6167,-73.65,56.07,98,100,4.83
263,Bonthe,SL,2021-06-03 03:07:47,7.5264,-12.505,79.0,83,100,4.76
264,Jarwal,IN,2021-06-03 03:07:48,27.1667,81.55,94.17,31,0,5.1
265,Kashan,IR,2021-06-03 03:07:49,33.9831,51.4364,88.65,11,0,3.78
266,Vao,NC,2021-06-03 03:07:49,-22.6667,167.4833,71.02,65,9,10.49
267,Birao,CF,2021-06-03 03:07:50,10.2849,22.7882,77.36,62,99,3.29
268,Aginskoye,RU,2021-06-03 03:07:51,51.1,114.53,54.88,65,100,15.3
269,Pacific Grove,US,2021-06-03 03:05:45,36.6177,-121.9166,70.99,88,75,3.0
270,Shenxian,CN,2021-06-03 03:07:52,36.2411,115.6672,77.76,22,100,21.03
271,Chuy,UY,2021-06-03 03:07:52,-33.6971,-53.4616,46.29,86,3,6.26
272,Mansa,IN,2021-06-03 03:07:53,29.9833,75.3833,90.7,35,0,6.62
273,Matagami,CA,2021-06-03 03:07:54,49.7502,-77.6328,57.18,65,97,7.11
274,Myanaung,MM,2021-06-03 03:07:54,18.2833,95.3167,93.09,46,17,1.34
275,Todos Santos,MX,2021-06-03 03:07:55,23.45,-110.2167,84.79,67,23,5.32
276,Bodden Town,KY,2021-06-03 03:07:55,19.2833,-81.25,80.92,62,20,10.6
277,Oum Hadjer,TD,2021-06-03 03:07:56,13.2954,19.6966,86.22,39,97,8.14
278,Bonfim,BR,2021-06-03 03:07:57,3.0833,-59.95,76.77,88,96,3.13
279,Victoria,HK,2021-06-03 03:07:09,22.2855,114.1577,92.97,73,100,1.01
280,Burns Lake,CA,2021-06-03 03:07:58,54.2331,-125.7533,64.74,51,100,11.81
281,Cherskiy,RU,2021-06-03 03:07:58,68.75,161.3,64.54,24,86,14.47
282,Marfino,RU,2021-06-03 03:07:59,55.7028,37.3822,53.55,62,0,8.25
283,Lima,PE,2021-06-03 03:06:54,-12.0432,-77.0282,62.85,84,90,3.44
284,Dumas,US,2021-06-03 03:08:00,35.8656,-101.9732,69.22,63,1,6.91
285,Katsuura,JP,2021-06-03 03:05:26,35.1333,140.3,78.24,66,64,10.96
286,Pecos,US,2021-06-03 03:08:01,31.4229,-103.4932,72.82,64,1,10.36
287,Inirida,CO,2021-06-03 03:08:01,3.8653,-67.9239,73.24,97,99,2.28
288,Querecotillo,PE,2021-06-03 03:08:02,-4.8378,-80.6456,71.31,68,79,9.66
289,Batagay-Alyta,RU,2021-06-03 03:08:02,67.8006,130.4114,68.47,30,99,3.06
290,Roswell,US,2021-06-03 03:08:03,34.0232,-84.3616,74.97,72,90,5.82
291,San Andres,CO,2021-06-03 03:08:04,12.5847,-81.7006,82.42,78,75,16.11
292,Kamaishi,JP,2021-06-03 03:08:05,39.2667,141.8833,70.72,75,97,16.55
293,Dalton,US,2021-06-03 03:06:01,34.7698,-84.9702,72.32,86,40,6.29
294,Paita,PE,2021-06-03 03:08:06,-5.0892,-81.1144,67.48,81,80,12.12
295,Gumdag,TM,2021-06-03 03:08:06,39.2061,54.5906,93.25,14,0,7.87
296,Talnakh,RU,2021-06-03 03:08:07,69.4865,88.3972,37.29,81,100,2.37
297,Curumani,CO,2021-06-03 03:08:07,9.1999,-73.5427,75.9,89,100,4.47
298,Evanston,US,2021-06-03 03:03:10,42.0411,-87.6901,66.97,66,20,4.54
299,Yumen,CN,2021-06-03 03:08:08,40.2833,97.2,74.66,7,0,13.76
300,Mehamn,NO,2021-06-03 03:08:09,71.0357,27.8492,49.95,76,0,2.3
301,Khilok,RU,2021-06-03 03:08:10,51.3674,110.4676,61.41,52,100,7.34
302,Lufilufi,WS,2021-06-03 03:08:10,-13.8745,-171.5986,82.94,65,45,12.95
303,Waipawa,NZ,2021-06-03 03:08:11,-41.4122,175.5153,56.03,63,0,2.13
304,Touros,BR,2021-06-03 03:08:11,-5.1989,-35.4608,72.5,87,0,10.83
305,Airai,TL,2021-06-03 03:08:12,-8.9266,125.4092,73.74,56,56,3.78
306,Sisimiut,GL,2021-06-03 03:08:13,66.9395,-53.6735,35.96,98,100,9.08
307,Russell,US,2021-06-03 03:08:14,32.3502,-85.1999,76.78,88,87,5.06
308,Dasoguz,TM,2021-06-03 03:08:14,41.8363,59.9666,85.95,32,0,12.8
309,Nago,JP,2021-06-03 03:08:15,26.5881,127.9761,90.03,77,97,11.95
310,Ambon,ID,2021-06-03 03:08:16,-3.6954,128.1814,77.14,94,40,11.45
311,Micheweni,TZ,2021-06-03 03:08:16,-4.9667,39.8333,75.7,81,97,9.48
312,Pinyug,RU,2021-06-03 03:08:18,60.251,47.7842,48.6,70,94,9.13
313,Ola,RU,2021-06-03 03:08:18,59.5833,151.2833,44.02,81,100,5.82
314,Tumut,AU,2021-06-03 03:08:19,-35.3,148.2167,54.59,96,100,1.34
315,Guarapari,BR,2021-06-03 03:08:20,-20.6667,-40.4975,71.89,90,0,5.28
316,Zheshart,RU,2021-06-03 03:08:20,62.0731,49.5733,48.76,66,98,8.79
317,Port Lincoln,AU,2021-06-03 03:08:21,-34.7333,135.8667,59.7,70,57,14.0
318,Madang,PG,2021-06-03 03:08:22,-5.2246,145.7966,81.95,85,99,3.74
319,Salalah,OM,2021-06-03 03:08:23,17.0151,54.0924,80.69,83,20,2.3
320,Balsas,BR,2021-06-03 03:07:29,-7.5325,-46.0356,75.51,58,14,2.24
321,Alyangula,AU,2021-06-03 03:08:24,-13.8483,136.4192,81.68,60,14,8.88
322,Macae,BR,2021-06-03 03:08:24,-22.3708,-41.7869,67.62,90,0,7.4
323,Korem,ET,2021-06-03 03:08:25,12.5058,39.5228,58.12,53,19,4.21
324,Broken Hill,AU,2021-06-03 03:08:26,-31.95,141.4333,62.15,57,0,14.05
325,Griffith,US,2021-06-03 03:08:26,41.5284,-87.4237,66.9,72,1,0.0
326,Solenzo,BF,2021-06-03 03:08:27,12.1833,-4.0833,86.38,51,17,9.24
327,Ketchikan,US,2021-06-03 03:08:28,55.3422,-131.6461,55.38,92,85,6.26
328,Santa Isabel Do Rio Negro,BR,2021-06-03 03:08:29,-0.4139,-65.0192,73.76,98,100,1.83
329,Victor Harbor,AU,2021-06-03 03:08:29,-35.5667,138.6167,63.46,74,52,1.01
330,Kudahuvadhoo,MV,2021-06-03 03:08:30,2.6708,72.8944,83.5,68,87,18.16
331,Meulaboh,ID,2021-06-03 03:08:31,4.1363,96.1285,82.13,81,98,3.27
332,Sao Jose Da Coroa Grande,BR,2021-06-03 03:08:31,-8.8978,-35.1478,75.96,79,8,7.16
333,Umm Lajj,SA,2021-06-03 03:08:32,25.0213,37.2685,80.4,79,3,14.27
334,Kirakira,SB,2021-06-03 03:08:32,-10.4544,161.9205,82.76,81,62,10.2
335,Caravelas,BR,2021-06-03 03:08:33,-17.7125,-39.2481,72.61,87,16,3.58
336,Labrea,BR,2021-06-03 03:08:34,-7.2586,-64.7981,72.77,69,4,2.42
337,Birjand,IR,2021-06-03 03:08:34,32.8663,59.2211,86.0,13,0,3.51
338,Uberaba,BR,2021-06-03 03:08:35,-19.7483,-47.9319,66.29,59,40,4.81
339,Poretskoye,RU,2021-06-03 03:08:36,55.1974,46.3291,50.68,73,14,10.89
340,Mahebourg,MU,2021-06-03 03:08:37,-20.4081,57.7,75.25,66,61,20.33
341,Camacha,PT,2021-06-03 03:08:37,33.0833,-16.3333,62.02,63,40,12.66
342,Seoul,KR,2021-06-03 03:06:20,37.5683,126.9778,74.59,60,90,3.13
343,Lata,PT,2021-06-03 03:08:38,40.1629,-8.3327,58.82,91,93,5.01
344,Vostok,RU,2021-06-03 03:08:39,46.4856,135.8833,53.38,95,100,3.85
345,Asaba,NG,2021-06-03 03:08:39,6.2006,6.7338,73.92,96,41,3.74
346,Manta,EC,2021-06-03 03:08:40,-0.95,-80.7333,73.18,88,68,8.05
347,Xuddur,SO,2021-06-03 03:08:41,4.1213,43.8894,68.72,82,83,10.85
348,Ewo,CG,2021-06-03 03:08:41,-0.8725,14.8206,72.72,86,87,3.67
349,Pevek,RU,2021-06-03 03:08:42,69.7008,170.3133,34.79,78,99,5.06
350,Moyamba,SL,2021-06-03 03:08:42,8.1667,-12.4333,74.62,97,100,0.83
351,Lannion,FR,2021-06-03 03:08:43,48.75,-3.4167,55.65,88,90,5.75
352,Alakurtti,RU,2021-06-03 03:08:44,66.9672,30.3491,59.63,55,16,2.15
353,Anamur,TR,2021-06-03 03:08:45,36.0751,32.8369,62.62,56,0,5.68
354,Greytown,ZA,2021-06-03 03:08:45,-29.0642,30.5928,49.26,92,100,9.53
355,Anchorage,US,2021-06-03 03:08:03,61.2181,-149.9003,61.68,59,90,4.0
356,Itarema,BR,2021-06-03 03:08:46,-2.9248,-39.9167,77.43,83,8,10.8
357,Kalabo,ZM,2021-06-03 03:08:47,-14.97,22.6814,53.28,41,36,8.1
358,Malanje,AO,2021-06-03 03:08:48,-9.5402,16.341,56.35,50,72,3.36
359,Dobric,RS,2021-06-03 03:08:48,44.7019,19.5814,50.81,84,58,2.55
360,Longyearbyen,SJ,2021-06-03 03:03:54,78.2186,15.6401,34.66,99,100,14.16
361,Mumford,GH,2021-06-03 03:08:49,5.2618,-0.759,79.23,83,72,4.65
362,Dunedin,NZ,2021-06-03 03:08:50,-45.8742,170.5036,57.79,55,55,1.01
363,Hefei,CN,2021-06-03 03:08:51,31.8639,117.2808,75.22,78,0,8.95
364,Moose Factory,CA,2021-06-03 03:08:51,51.2585,-80.6094,64.04,53,36,10.07
365,Dudinka,RU,2021-06-03 03:08:52,69.4058,86.1778,32.68,100,100,4.61
366,Karakol,KG,2021-06-03 03:08:53,42.4907,78.3936,65.35,49,95,3.98
367,Honningsvag,NO,2021-06-03 03:08:53,70.9821,25.9704,49.53,80,61,3.6
368,Candido Mendes,BR,2021-06-03 03:08:54,-1.4467,-45.7167,73.9,97,16,2.39
369,Tupik,RU,2021-06-03 03:08:55,54.4253,119.9327,61.36,58,52,12.26
370,Berlevag,NO,2021-06-03 03:08:55,70.8578,29.0864,50.0,72,72,1.1
371,Jumla,NP,2021-06-03 03:08:56,29.2747,82.1838,66.07,48,0,2.91
372,Aklavik,CA,2021-06-03 03:08:56,68.2191,-135.0107,43.54,74,100,3.58
373,Esperance,AU,2021-06-03 03:08:57,-33.8667,121.9,60.64,74,36,10.45
374,Almaznyy,RU,2021-06-03 03:08:58,48.0448,40.045,57.34,95,94,11.72
375,Acari,PE,2021-06-03 03:08:58,-15.4311,-74.6158,65.48,80,26,1.66
376,Shahr-E Babak,IR,2021-06-03 03:08:59,30.1165,55.1186,79.84,11,0,5.28
377,Christchurch,NZ,2021-06-03 03:04:51,-43.5333,172.6333,57.47,71,0,3.44
378,Neiafu,TO,2021-06-03 03:09:00,-18.65,-173.9833,75.88,94,75,4.61
379,Abu Samrah,SY,2021-06-03 03:09:01,35.3029,37.1841,60.66,66,0,4.99
380,Constitucion,CL,2021-06-03 03:09:02,-35.3333,-72.4167,57.07,82,70,6.76
381,Chake Chake,TZ,2021-06-03 03:09:02,-5.2459,39.7666,73.76,83,100,6.51
382,Katangli,RU,2021-06-03 03:09:03,51.7102,143.2326,54.61,67,28,12.71
383,Havoysund,NO,2021-06-03 03:09:04,70.9963,24.6622,56.28,67,54,1.43
384,At-Bashi,KG,2021-06-03 03:09:04,41.1702,75.8106,62.74,49,71,1.28
385,Shirokiy,RU,2021-06-03 03:09:05,49.758,129.523,52.3,90,100,18.81
386,Varva,UA,2021-06-03 03:09:05,50.495,32.7197,50.86,81,100,14.72
387,Lighthouse Point,US,2021-06-03 03:09:06,26.2756,-80.0873,81.01,82,40,8.05
388,La Union,PE,2021-06-03 03:09:07,-5.4,-80.75,69.89,70,83,12.59
389,Iskateley,RU,2021-06-03 03:09:07,67.6803,53.1512,40.69,63,96,15.26
390,Mahon,ES,2021-06-03 03:09:08,39.8885,4.2658,66.76,94,75,5.75
391,Grindavik,IS,2021-06-03 03:09:09,63.8424,-22.4338,43.27,81,75,8.3
392,Portland,US,2021-06-03 03:08:54,45.5234,-122.6762,84.78,49,20,1.99
393,Korla,CN,2021-06-03 03:09:09,41.7597,86.1469,87.19,14,3,5.41
394,Turcianske Teplice,SK,2021-06-03 03:09:10,48.8623,18.8605,50.56,83,100,2.21
395,Bundaberg,AU,2021-06-03 03:09:11,-24.85,152.35,78.22,59,93,8.99
396,Yuzhno-Kurilsk,RU,2021-06-03 03:09:11,44.0306,145.8556,50.52,92,96,7.63
397,Ada,US,2021-06-03 03:09:12,43.4166,-116.1262,88.41,30,1,6.24
398,Katete,UG,2021-06-03 03:09:13,-0.7818,29.7544,61.34,83,100,1.92
399,Kruisfontein,ZA,2021-06-03 03:09:14,-34.0033,24.7314,55.72,75,99,6.49
400,Namibe,AO,2021-06-03 03:09:14,-15.1961,12.1522,70.92,82,3,3.62
401,Champerico,GT,2021-06-03 03:09:15,14.3,-91.9167,83.35,72,17,5.26
402,Port Blair,IN,2021-06-03 03:09:16,11.6667,92.75,85.51,68,76,4.92
403,Susanville,US,2021-06-03 03:09:16,40.4163,-120.653,87.64,28,1,5.99
404,Pakokku,MM,2021-06-03 03:09:17,21.3333,95.1,94.6,45,89,11.05
405,Jeremie,HT,2021-06-03 03:09:18,18.65,-74.1167,79.02,80,69,1.77
406,Fairbanks,US,2021-06-03 03:06:19,64.8378,-147.7164,67.1,44,75,0.0
407,Suntar,RU,2021-06-03 03:09:19,62.1444,117.6319,82.33,31,75,4.56
408,Muisne,EC,2021-06-03 03:09:20,0.6,-80.0333,76.51,81,98,6.17
409,Kantunilkin,MX,2021-06-03 03:09:21,21.0917,-87.45,82.24,94,22,2.95
410,Ewa Beach,US,2021-06-03 03:05:13,21.3156,-158.0072,83.98,55,7,11.01
411,Dingle,PH,2021-06-03 03:09:22,10.9995,122.6711,87.24,68,100,11.7
412,Itoman,JP,2021-06-03 03:09:22,26.1247,127.6694,89.98,80,75,13.8
413,Vilhena,BR,2021-06-03 03:07:43,-12.7406,-60.1458,73.63,63,98,0.36
414,Kajaani,FI,2021-06-03 03:09:23,64.2273,27.7285,50.05,81,0,3.44
415,Bukoba,TZ,2021-06-03 03:09:24,-1.3317,31.8122,66.16,76,100,2.35
416,Charters Towers,AU,2021-06-03 03:09:25,-20.1,146.2667,79.36,45,41,5.44
417,Sahuaripa,MX,2021-06-03 03:09:25,29.05,-109.2333,84.2,18,78,7.2
418,Kaitangata,NZ,2021-06-03 03:09:26,-46.2817,169.8464,59.94,51,54,3.18
419,Bend,US,2021-06-03 03:09:26,44.0582,-121.3153,86.47,28,1,11.5
420,Broome,US,2021-06-03 03:09:27,42.2506,-75.833,63.91,89,90,4.0
421,Russkaya Polyana,UA,2021-06-03 03:09:28,49.417,31.9201,52.54,83,100,15.23
422,Baragaon,IN,2021-06-03 03:09:28,25.4333,82.8167,91.38,62,0,4.61
423,Atar,MR,2021-06-03 03:09:29,20.5169,-13.0499,90.03,28,100,1.7
424,Nuuk,GL,2021-06-03 03:09:30,64.1835,-51.7216,34.41,100,90,11.5
425,Petropavlovsk-Kamchatskiy,RU,2021-06-03 03:09:30,53.0452,158.6483,64.99,39,97,6.02
426,Jalu,LY,2021-06-03 03:09:31,29.0331,21.5482,76.05,28,42,12.33
427,Mount Gambier,AU,2021-06-03 03:09:32,-37.8333,140.7667,57.7,79,72,8.43
428,Xiongzhou,CN,2021-06-03 03:09:32,25.1167,114.3,77.52,98,100,2.26
429,Sambava,MG,2021-06-03 03:09:33,-14.2667,50.1667,71.69,86,100,7.7
430,Pangkalanbuun,ID,2021-06-03 03:09:33,-2.6833,111.6167,89.44,56,65,4.25
431,Rock Sound,BS,2021-06-03 03:09:34,24.9,-76.2,78.57,82,83,18.97
432,Sompeta,IN,2021-06-03 03:09:35,18.9333,84.6,89.96,61,8,9.82
433,Nouadhibou,MR,2021-06-03 03:06:01,20.931,-17.0347,65.19,86,91,22.93
434,Hanstholm,DK,2021-06-03 03:09:36,57.1167,8.6167,55.74,87,94,24.67
435,Malatya,TR,2021-06-03 03:09:36,38.5,38.0,41.05,76,0,5.17
436,San Luis,AR,2021-06-03 03:07:49,-33.295,-66.3356,57.02,58,6,10.42
437,Luganville,VU,2021-06-03 03:09:37,-15.5333,167.1667,78.42,76,100,10.18
438,Komsomolskiy,UZ,2021-06-03 03:09:38,40.4272,71.7189,78.22,41,44,4.61
439,Kirkuk,IQ,2021-06-03 03:09:38,35.4681,44.3922,76.91,27,0,6.13
440,Te Anau,NZ,2021-06-03 03:09:39,-45.4167,167.7167,53.06,79,79,2.08
441,Acarau,BR,2021-06-03 03:09:40,-2.8856,-40.12,77.5,84,6,10.85
442,Saint Anthony,US,2021-06-03 03:09:41,45.0205,-93.218,73.45,63,1,4.47
443,Muzhi,RU,2021-06-03 03:09:41,65.3667,64.6667,39.88,56,28,24.99
444,Abha,SA,2021-06-03 03:07:45,18.2164,42.5053,66.45,17,0,3.87
445,Sullana,PE,2021-06-03 03:09:42,-4.9039,-80.6853,70.9,68,78,10.11
446,Bechem,GH,2021-06-03 03:09:43,7.0903,-2.025,71.31,98,86,1.97
447,Krasnoselkup,RU,2021-06-03 03:09:44,65.7,82.4667,43.23,46,81,13.11
448,Hastings,GB,2021-06-03 03:09:45,50.8552,0.5729,62.98,91,25,7.52
449,Carauari,BR,2021-06-03 03:09:45,-4.8828,-66.8958,78.51,77,100,0.72
450,Fez,MA,2021-06-03 03:09:46,34.0372,-4.9998,55.65,87,67,2.3
451,Samarai,PG,2021-06-03 03:09:47,-10.6167,150.6667,79.2,84,61,13.73
452,Beamsville,CA,2021-06-03 03:09:47,43.1668,-79.4829,66.92,84,100,5.66
453,Flinders,AU,2021-06-03 03:09:48,-34.5833,150.8552,58.21,91,100,1.01
454,Cabo San Lucas,MX,2021-06-03 03:06:59,22.8909,-109.9124,85.3,53,36,13.15
455,Bilibino,RU,2021-06-03 03:09:49,68.0546,166.4372,65.66,19,85,9.73
456,Yar-Sale,RU,2021-06-03 03:09:50,66.8333,70.8333,36.82,70,100,10.16
457,Cap Malheureux,MU,2021-06-03 03:09:50,-19.9842,57.6142,76.46,67,42,8.01
458,Mineiros,BR,2021-06-03 03:09:51,-17.5694,-52.5511,66.81,67,21,1.92
459,Chepen,PE,2021-06-03 03:09:52,-7.2167,-79.45,64.78,79,80,5.91
460,Emerald,AU,2021-06-03 03:09:52,-23.5333,148.1667,73.54,64,90,4.61
461,Mutsu,JP,2021-06-03 03:09:53,41.2894,141.2169,71.01,63,100,6.42
462,Tateyama,JP,2021-06-03 03:09:53,34.9833,139.8667,78.15,68,69,10.49
463,Tura,IN,2021-06-03 03:09:54,25.5198,90.2201,81.09,80,28,5.41
464,Tripoli,LY,2021-06-03 03:09:55,32.8752,13.1875,70.92,76,98,16.4
465,Hobyo,SO,2021-06-03 03:09:55,5.3505,48.5268,77.81,85,72,18.43
466,Soto La Marina,MX,2021-06-03 03:09:56,23.7667,-98.2167,76.77,81,99,7.18
467,Bloomington,US,2021-06-03 03:09:57,44.8408,-93.2983,73.85,51,40,4.85
468,Rocha,UY,2021-06-03 03:08:39,-34.4833,-54.3333,44.96,81,7,6.42
469,Najran,SA,2021-06-03 03:09:58,17.4924,44.1277,77.52,19,99,5.55
470,Guane,CU,2021-06-03 03:09:58,22.2025,-84.0875,76.08,83,4,3.69
471,San Carlos De Bariloche,AR,2021-06-03 03:09:59,-41.1456,-71.3082,49.75,87,75,6.53
472,Roebourne,AU,2021-06-03 03:09:59,-20.7833,117.1333,70.03,39,100,19.22
473,Yulara,AU,2021-06-03 03:10:00,-25.2406,130.9889,64.24,48,28,11.5
474,Kitgum,UG,2021-06-03 03:10:00,3.2783,32.8867,63.91,95,100,1.19
475,Deputatskiy,RU,2021-06-03 03:10:01,69.3,139.9,65.61,21,70,7.7
476,Kahului,US,2021-06-03 03:10:04,20.8947,-156.47,82.98,70,20,23.02
477,Aransas Pass,US,2021-06-03 03:10:04,27.9095,-97.15,80.98,84,1,7.0
478,Sao Felix Do Xingu,BR,2021-06-03 03:10:05,-6.6447,-51.995,76.62,73,93,2.39
479,Altay,CN,2021-06-03 03:10:06,47.8667,88.1167,79.68,32,56,5.57
480,Peniche,PT,2021-06-03 03:10:06,39.3558,-9.3811,57.74,83,83,21.92
481,Birobidzhan,RU,2021-06-03 03:06:27,48.8,132.95,53.1,97,100,10.56
482,Taltal,CL,2021-06-03 03:10:07,-25.4,-70.4833,61.39,82,51,0.4
483,Srednyaya Yelyuzan,RU,2021-06-03 03:10:08,53.0241,45.9529,55.85,71,90,17.38
484,Red Wing,US,2021-06-03 03:10:07,44.5625,-92.5338,74.64,46,40,6.91
485,Ploemeur,FR,2021-06-03 03:10:09,47.7333,-3.4333,56.82,94,75,0.0
486,Colares,PT,2021-06-03 03:10:09,38.7992,-9.4469,58.28,73,70,13.0
487,Santo Antonio Do Ica,BR,2021-06-03 03:10:10,-3.1022,-67.9397,73.81,93,26,2.28
488,Namatanai,PG,2021-06-03 03:10:11,-3.6667,152.4333,84.85,68,100,3.29
489,Kourou,GF,2021-06-03 03:10:11,5.1552,-52.6478,81.1,93,100,5.59
490,San Patricio,US,2021-06-03 03:10:12,28.017,-97.5169,80.83,85,19,7.94
491,Itaituba,BR,2021-06-03 03:07:35,-4.2761,-55.9836,78.96,73,72,1.45
492,Gdov,RU,2021-06-03 03:10:13,58.7406,27.8122,49.19,71,2,6.69
493,Asfi,MA,2021-06-03 03:06:34,32.2994,-9.2372,61.63,82,0,10.33
494,Paka,MY,2021-06-03 03:10:14,4.6374,103.4368,87.8,63,48,6.73
495,Calama,CL,2021-06-03 03:10:15,-22.4667,-68.9333,43.29,17,0,18.41
496,Odweyne,SO,2021-06-03 03:10:15,9.4092,45.064,71.47,59,19,8.86
497,Campbell River,CA,2021-06-03 03:10:16,50.0163,-125.2446,68.59,73,100,0.6
498,Pauini,BR,2021-06-03 03:10:17,-7.7136,-66.9764,73.74,70,29,2.17
499,Barrhead,GB,2021-06-03 03:10:17,55.7992,-4.3929,53.82,86,90,3.0
500,Strezhevoy,RU,2021-06-03 03:10:18,60.7333,77.5889,48.18,40,2,8.88
501,Dayong,CN,2021-06-03 03:10:18,25.0209,118.2898,89.28,70,100,3.49
502,College,US,2021-06-03 03:10:19,64.8569,-147.8028,66.52,44,75,11.5
503,Sechura,PE,2021-06-03 03:10:20,-5.5569,-80.8222,68.74,74,83,13.0
504,Hambantota,LK,2021-06-03 03:10:20,6.1241,81.1185,84.11,72,94,15.46
505,Kaspiyskiy,RU,2021-06-03 03:10:21,45.3929,47.3707,66.54,77,92,20.83
506,Camargo,MX,2021-06-03 03:10:21,27.6667,-105.1667,70.68,49,78,1.63
507,Sabang,ID,2021-06-03 03:10:22,5.8933,95.3214,82.89,74,98,8.19
508,Dano,BF,2021-06-03 03:10:23,11.15,-3.0667,83.46,59,29,8.1
509,Ushtobe,KZ,2021-06-03 03:10:23,45.2514,77.9838,84.6,29,100,11.83
510,Srednekolymsk,RU,2021-06-03 03:10:24,67.45,153.6833,72.48,22,20,5.53
511,Catalina,US,2021-06-03 03:10:24,32.5056,-110.9211,91.26,21,29,8.14
512,Vilyuysk,RU,2021-06-03 03:10:25,63.7553,121.6247,79.05,39,56,7.72
513,Safford,US,2021-06-03 03:10:26,32.834,-109.7076,92.32,9,1,12.66
514,Worthington,US,2021-06-03 03:10:27,40.0931,-83.018,64.45,95,90,1.01
515,San Pedro De Macoris,DO,2021-06-03 03:10:27,18.4616,-69.2972,78.49,87,99,8.97
516,Debre Tabor,ET,2021-06-03 03:10:28,11.85,38.0167,56.5,63,27,2.06
517,Hanover,DE,2021-06-03 03:10:01,52.3705,9.7332,63.36,79,0,5.97
518,Weston,US,2021-06-03 03:10:29,26.1004,-80.3998,81.01,83,40,3.0
519,Ulety,RU,2021-06-03 03:10:30,51.3572,112.4849,55.35,76,100,4.21
520,Lashio,MM,2021-06-03 03:10:30,22.9333,97.75,78.19,81,68,2.04
521,Bosaso,SO,2021-06-03 03:10:31,11.2842,49.1816,89.73,47,100,13.38
522,Lokomotivnyy,RU,2021-06-03 03:10:32,53.0118,60.5684,60.66,53,96,9.69
523,Clarksville,US,2021-06-03 03:09:30,36.5298,-87.3595,70.68,92,90,1.01
524,Gamboula,CF,2021-06-03 03:10:32,4.1178,15.1393,66.99,98,90,2.66
525,Taoudenni,ML,2021-06-03 03:10:33,22.6783,-3.9836,94.84,19,40,22.03
526,Gizel,RU,2021-06-03 03:10:34,43.04,44.5708,53.82,93,100,6.91
527,Balkanabat,TM,2021-06-03 03:10:35,39.5108,54.3671,95.95,13,0,2.44
528,Luau,AO,2021-06-03 03:10:35,-10.7073,22.2247,57.78,56,9,5.73
529,Penzance,GB,2021-06-03 03:10:36,50.1186,-5.5371,54.61,86,89,11.34
530,Tebingtinggi,ID,2021-06-03 03:10:36,3.3285,99.1625,80.65,70,89,2.19
531,Menongue,AO,2021-06-03 03:10:37,-14.6585,17.691,47.64,54,7,3.8
532,Gladstone,AU,2021-06-03 03:08:55,-23.85,151.25,76.78,64,40,10.36
533,Awjilah,LY,2021-06-03 03:10:38,29.1081,21.2869,76.78,29,53,11.05
534,Tommot,RU,2021-06-03 03:10:39,58.9564,126.2925,70.07,42,41,2.68
535,Carbonia,IT,2021-06-03 03:05:43,39.1672,8.5222,66.85,90,33,7.74
536,Port Hedland,AU,2021-06-03 03:10:40,-20.3167,118.5667,75.25,33,40,18.41
537,Koslan,RU,2021-06-03 03:10:41,63.4564,48.8989,46.74,66,97,9.19
538,Colac,AU,2021-06-03 03:10:42,-38.3333,143.5833,61.16,65,71,6.82
539,Okhotsk,RU,2021-06-03 03:10:42,59.3833,143.3,39.58,90,100,3.74
540,Port Shepstone,ZA,2021-06-03 03:10:43,-30.7414,30.455,62.6,78,100,28.54
541,Otradnoye,RU,2021-06-03 03:10:43,59.7775,30.8181,55.45,68,35,4.05
542,Nelson Bay,AU,2021-06-03 03:10:44,-32.7167,152.15,64.11,73,100,1.01
543,Kiunga,PG,2021-06-03 03:10:45,-6.1219,141.2906,79.61,91,92,3.29
544,Belyy Yar,RU,2021-06-03 03:10:45,53.6039,91.3903,66.09,72,40,6.11
545,Salamiyah,SY,2021-06-03 03:10:46,35.0113,37.0532,59.13,78,0,4.72
546,Klobuck,PL,2021-06-03 03:10:46,50.9008,18.9367,50.67,87,30,5.48
547,Pafos,CY,2021-06-03 03:10:47,34.7667,32.4167,64.18,72,90,6.91
548,Fiumicino,IT,2021-06-03 03:10:48,41.7675,12.2291,67.08,75,0,3.44
549,Chamrajnagar,IN,2021-06-03 03:10:48,11.9167,76.95,79.2,73,91,4.63
550,Clyde River,CA,2021-06-03 03:10:49,70.4692,-68.5914,25.23,93,100,1.9
551,Yakeshi,CN,2021-06-03 03:10:50,49.2833,120.7333,58.44,57,95,13.09
552,Forio,IT,2021-06-03 03:10:50,40.7342,13.8646,66.45,80,8,1.99
553,Riyadh,SA,2021-06-03 03:10:27,24.6877,46.7219,84.25,14,17,3.44
554,Ntchisi,MW,2021-06-03 03:10:51,-13.5278,33.9149,53.82,92,13,1.28
555,Paris,FR,2021-06-03 03:10:52,48.8534,2.3488,66.97,85,0,3.83
556,Tucurui,BR,2021-06-03 03:10:53,-3.7661,-49.6725,75.76,84,15,2.13
557,San Angelo,US,2021-06-03 03:07:44,31.4638,-100.437,66.42,82,1,6.93
558,Grieskirchen,AT,2021-06-03 03:10:54,48.2333,13.8333,56.48,82,100,2.71
